{
    "ncb_ee_all_TOS_sb_fits": [
        465.9194604957287,
        114.7352558884544
    ],
    "npr_ee_all_TOS_sb_fits": [
        385.08885462174453,
        113.93214340074525
    ],
    "mu_cb_ee_all_TOS_sb_fits": [
        4279.295792669261,
        62.51255227264204
    ],
    "lm_cb_ee_all_TOS_sb_fits": [
        31.442897171538462,
        5.895301597210178
    ]
}