{
    "mu": {
        "index": [
            "2011",
            "2012",
            "2015",
            "2016",
            "2017",
            "2018"
        ],
        "columns": [
            "v_MTOS",
            "e_MTOS",
            "v_ETOS",
            "e_ETOS",
            "v_GTIS",
            "e_GTIS"
        ],
        "data": [
            [
                3.5315825143,
                0.0582741966,
                -1.778622983,
                1.4021926001,
                -3.0393737029,
                4.0372328634
            ],
            [
                3.7127306786,
                0.0467350278,
                1.0622900181,
                1.7702460513,
                -0.5017297774,
                1.8351794868
            ],
            [
                -1.063437216,
                0.0866499228,
                -8.0580475673,
                2.3584049253,
                -12.5076046296,
                5.7637201001000005
            ],
            [
                -1.3377930316,
                0.045625065900000004,
                -6.7086604677,
                2.7082551089,
                -9.4544633246,
                3.0302981504
            ],
            [
                -1.4393066469,
                0.047480597900000004,
                -9.4481293028,
                2.7207467877,
                -14.8777765311,
                6.639174754
            ],
            [
                -0.7350080779,
                0.0447122053,
                -7.9010960965,
                2.7770121029,
                -10.214522441,
                4.1231862644
            ]
        ],
        "index_names": [
            null
        ],
        "column_names": [
            null
        ]
    },
    "sg": {
        "index": [
            "2011",
            "2012",
            "2015",
            "2016",
            "2017",
            "2018"
        ],
        "columns": [
            "v_MTOS",
            "e_MTOS",
            "v_ETOS",
            "e_ETOS",
            "v_GTIS",
            "e_GTIS"
        ],
        "data": [
            [
                1.1411137802,
                0.0035125816,
                1.1606821781,
                0.0358346186,
                1.0944463631,
                0.0395132801
            ],
            [
                1.1332093661,
                0.0028503102,
                1.1322378014,
                0.0310019028,
                1.1075779751,
                0.0340306656
            ],
            [
                1.1755421056,
                0.0050353318,
                1.1223394438,
                0.037578318,
                1.0594989244,
                0.0889121004
            ],
            [
                1.1609458128,
                0.0030779904,
                1.1407789267,
                0.0515284249,
                0.9981319065,
                0.0507693776
            ],
            [
                1.1307474197,
                0.0031434039,
                1.1037329043,
                0.0507431824,
                1.0834839202,
                0.0336176498
            ],
            [
                1.1367129561,
                0.0029531730000000003,
                1.1473313498,
                0.0345559898,
                1.0908478629,
                0.0556435465
            ]
        ],
        "index_names": [
            null
        ],
        "column_names": [
            null
        ]
    },
    "br": {
        "index": [
            "MTOS_2011",
            "ETOS_2011",
            "GTIS_2011",
            "MTOS_2012",
            "ETOS_2012",
            "GTIS_2012",
            "MTOS_2015",
            "ETOS_2015",
            "GTIS_2015",
            "MTOS_2016",
            "ETOS_2016",
            "GTIS_2016",
            "MTOS_2017",
            "ETOS_2017",
            "GTIS_2017",
            "MTOS_2018",
            "ETOS_2018",
            "GTIS_2018"
        ],
        "columns": [
            "v_0",
            "e_0",
            "v_1",
            "e_1",
            "v_2",
            "e_2"
        ],
        "data": [
            [
                1.0,
                0.0,
                0.0,
                0.0,
                0.0,
                0.0
            ],
            [
                1.0492983181,
                0.0150171713,
                0.9955599343,
                0.0049267652000000006,
                0.9717773035,
                0.0054925627
            ],
            [
                1.0466040597,
                0.042733382300000004,
                0.9979942239,
                0.0159442279,
                0.9810725761,
                0.017476115900000002
            ],
            [
                1.0,
                0.0,
                0.0,
                0.0,
                0.0,
                0.0
            ],
            [
                1.0546724479,
                0.0130833814,
                1.0066006367,
                0.006098539500000001,
                0.9462201948000001,
                0.007444399700000001
            ],
            [
                1.0252787269,
                0.0266585686,
                0.9981531847,
                0.0083685598,
                0.9900597795,
                0.0100227791
            ],
            [
                1.0,
                0.0,
                0.0,
                0.0,
                0.0,
                0.0
            ],
            [
                1.0539182061,
                0.0164520731,
                1.0115723523,
                0.006533588700000001,
                0.9283736257,
                0.0072422719000000005
            ],
            [
                1.215363032,
                0.0519486874,
                0.9937599932000001,
                0.024692740100000003,
                0.9147196548000001,
                0.0277176058
            ],
            [
                1.0,
                0.0,
                0.0,
                0.0,
                0.0,
                0.0
            ],
            [
                1.0982157778,
                0.0078225345,
                1.0038263948,
                0.0038286153,
                0.9131863218,
                0.0053674099
            ],
            [
                1.1686009477,
                0.025893513200000003,
                1.006414641,
                0.0091800647,
                0.933631788,
                0.009096928800000001
            ],
            [
                1.0,
                0.0,
                0.0,
                0.0,
                0.0,
                0.0
            ],
            [
                1.085055676,
                0.0091743267,
                1.0023247719,
                0.0043564949000000006,
                0.9263812857,
                0.0054426424
            ],
            [
                1.1125617116,
                0.0273657112,
                1.0125591817,
                0.0096902596,
                0.9422540829,
                0.0099201381
            ],
            [
                1.0,
                0.0,
                0.0,
                0.0,
                0.0,
                0.0
            ],
            [
                1.0615382209,
                0.0090984866,
                1.00533468,
                0.0044357359,
                0.9379394046,
                0.0053429433
            ],
            [
                1.1494726792,
                0.0275376771,
                1.0088514466,
                0.009731549800000001,
                0.9328671058,
                0.01022958
            ]
        ],
        "index_names": [
            null
        ],
        "column_names": [
            null
        ]
    }
}